No.,Name of Student,Course and Year,Indicate the date and put a checkmark if student is present,,,,,,,,,
,,,Date 1,Date 2,Date 3,Date 4,Date 5,Date 6,Date 7,Date 8,Date 9,Date 10
1,,,,,,,,,,,,
2,,,,,,,,,,,,
3,,,,,,,,,,,,
4,,,,,,,,,,,,
5,,,,,,,,,,,,
6,,,,,,,,,,,,
7,,,,,,,,,,,,
8,,,,,,,,,,,,
9,,,,,,,,,,,,
10,,,,,,,,,,,,
11,,,,,,,,,,,,
12,,,,,,,,,,,,
13,,,,,,,,,,,,
14,,,,,,,,,,,,
15,,,,,,,,,,,,
16,,,,,,,,,,,,
17,,,,,,,,,,,,
18,,,,,,,,,,,,
19,,,,,,,,,,,,
20,,,,,,,,,,,,
21,,,,,,,,,,,,
22,,,,,,,,,,,,
23,,,,,,,,,,,,
